{"cameraMode":{"drawMode":0,"name":"Shaded","section":"Shading Mode"},"sceneLighting":false,"audioPlay":false,"sceneViewState":{"showFog":true,"showMaterialUpdate":false,"showSkybox":false,"showFlares":true,"showImageEffects":true,"showParticleSystems":true},"in2DMode":false,"pivot":{"x":0.05690193176269531,"y":0.6700000762939453,"z":2.940000057220459},"rotation":{"x":-0.29792121052742007,"y":-0.11504921317100525,"z":0.036196134984493259,"w":-0.9469427466392517},"size":0.8660253882408142,"orthographic":false}